name,sequence
mangoI,GGCACGUACGAAGGGACGGUGCGGAGAGGAGAGUACGUGC
mangoII,GGCACGUACGAAGGAGAGGAGAGGAAGAGGAGAGUACGUGC
mangoIII,GGCACGUACGAAGGAAGGAUUGGUAUGUGGUAUAUUCGUACGUGCC
mangoIV,GGCACGUACCGAGGGAGUGGUGAGGAUGAGGCGAGUACGUGC
beetroot,GUUAGGCAGAGGUGGGUGGUGUGGAGGAGUAUCUGUC
spinach,GACGCGACUGAAUGAAAUGGUGAAGGACGGGUCCAGGUGUGGCUGCUUCGGCAGUGCAGCUUGUUGAGUAGAGUGUGAGCUCCGUAACUAGUCGCGUC
corn,GGCGCGAGGAAGGAGGUCUGAGGAGGUCACUGCGCC
chili,GGCUAGCUGGAGGGGCGCCAGUUCGCUGGUGGUUGGGUGCGGUCGGCUAGCC
pepper,GGCGCACUGGCGCUGCGCCUUCGGGCGCCAAUCGUAGCGUGUCGGCGCC
mg,GGUACCCGACUGGCGAGAGCCAGGUAACGAAUGGUACC
tmr3,GACUCAUUUCCGUUUUCUAUGGGUCUUGGCCUGCUUCGGCAGGAGGUAACAUACACCUGUCCACACCUGCGC